"sequence",0,0.5,1,1.5,2,3,4
"RTKAWNRQLYPEW",889000000000,555000000000,275000000000,138000000000,83468072438,20070220778,3375812471
"RTKAWNR",602223570.8,26815376683,36730723646,39209161583,46995380674,54090479795,41356528351
"RTKAWNRQ",55800309.63,640192510.2,925034589.8,887510434.5,1175534588,1227790115,777041990.5
"QLYPEW",11376959737,287000000000,430000000000,494000000000,555000000000,634000000000,514000000000
"RTKAWNRQL",10556780,243434100,390208800,423406200,453555200,399275000,290875500
"AWNRQLYPEW",70264400,559101900,465079500,326049100,238581600,71106760,19537190
"WNRQLYPEW",292355200,2026874000,1553277000,1063177000,827185100,341843800,79040520
"NRQLYPEW",36468690,289681600,312958600,232331900,263855200,206811800,139291800
"RQLYPEW",0,36765180,39979570,34677610,46033910,49166110,42527310
"YPEWRT",5094.371,0,587152.1,711064.8,489771.5,854008.1,566895.3
"ALYPEW",80031.97,3012966,4473211,4355395,5949872,6900815,5856023
"WNRQRTKAWNR",167.3234,77880.89,156614.7,142836,143218.1,107912.8,55345.15
"WNRQQLYPEW",559243.2,0,2605593,1165404,3938436,2288590,842690.9
"KAWNRQL",2635.054,75019.69,149565.6,188209.6,212140.5,254307.1,211074.6
"AQLYPEW",309006.3,3682396,6753792,9202555,9873758,13240200,15331710
"AWNYPEW",0,156714.7,300098.6,286710.4,293532.5,495636.2,450033.3
"QLYPEWNR",2964281482,26035688312,31069721178,22548455480,22919604803,19253747424,11737545643
"QLYPEWRTK",0,690995.5,629104.5,2104433,1697012,937334.2,1123210
"TKAWNR",7603.672,91660.11,183785.5,86354.26,179504.8,234395.9,191312.2
"AWNRQL",627029.9,10113830,31316690,31544760,82246010,56226440,62285420
"AWNRQLYQ",1.72641,0,34490.7,138916.6,94848.71,267673.8,192090.1
"AWQLYPEW",58866.08,1013952,1101320,1224306,1426871,1689321,911291.9
"RQLYPYPE",4288803,15549560,17775120,21939130,26115240,24446670,18823230
